,Gender,ID
0,F,54.861111111111114
1,M,45.138888888888886
