Gender,ID
F,54.861111111111114
M,45.13888888888889
